"Samsung Galaxy M51 (Electric Blue, 8GB RAM, 128GB Storage)","₹24,999"
New Apple iPhone 12 Mini (128GB) - White,"₹71,900"
"Redmi 9 (Sky Blue, 4GB RAM, 64GB Storage)","₹8,999"
"Redmi 9A (Nature Green, 2GB Ram, 32GB Storage)","₹6,999"
"Samsung Galaxy M01 Core (Black, 2GB RAM, 32GB Storage) with No Cost EMI/Additional Exchange Offers","₹5,999"
"Samsung Galaxy M01 (Black, 3GB RAM, 32GB Storage) with No Cost EMI/Additional Exchange Offers","₹7,499"
"Samsung Galaxy M31 (Ocean Blue, 6GB RAM, 128GB Storage)","₹16,499"
"Samsung Galaxy M21 (Midnight Blue, 4GB RAM, 64GB Storage)","₹13,999"
"Panasonic Eluga i7 (2GB RAM, 16GB Storage, Finger Print Sensor, 4000mAh Battery) (Black)","₹5,000"
"Samsung Galaxy M01 (Blue, 3GB RAM, 32GB Storage) with No Cost EMI/Additional Exchange Offers","₹7,499"
"Samsung Galaxy M02s (Red,4GB RAM, 64GB Storage) | 5000 mAh | Triple Camera","₹9,999"
"Oppo A31 (Fantasy White, 6GB RAM, 128GB Storage) with No Cost EMI/Additional Exchange Offers","₹11,990"
"Oppo A31 (Fantasy White, 6GB RAM, 128GB Storage) with No Cost EMI/Additional Exchange Offers","₹11,990"
"Redmi 8A Dual (Sky White, 3GB RAM, 64GB Storage) – Dual Cameras & 5,000 mAH Battery","₹7,999"
"Redmi Note 9 (Pebble Grey, 4GB RAM 64GB Storage) - 48MP Quad Camera & Full HD+ Display","₹11,999"
"Redmi 9A (Sea Blue, 2GB Ram, 32GB Storage)","₹6,999"
"Oppo A31 (Mystery Black, 6GB RAM, 128GB Storage) with No Cost EMI/Additional Exchange Offers","₹11,990"
"Samsung Galaxy M01 Core (Black, 1GB RAM, 16GB Storage) with No Cost EMI/Additional Exchange Offers","₹4,999"
"Redmi Note 9 Pro (Interstellar Black, 4GB RAM, 64GB Storage)- Latest 8nm Snapdragon 720G & Alexa Hands-Free | Upto 6 Months No Cost EMI","₹12,999"
"Samsung Galaxy M21 (Raven Black, 4GB RAM, 64GB Storage)","₹13,999"
Micromax Q370 Black,"₹3,999"
"OPPO A15s (Fancy White, 4GB RAM, 64GB Storage)","₹11,490"
