Air Conditioners,['products-a-z__results__item']

Air Filters,['products-a-z__results__item']

Air Fryers,['products-a-z__results__item']

Air Mattresses,['products-a-z__results__item']

Air Purifiers,['products-a-z__results__item']

Airline Travel,['products-a-z__results__item']

All-Purpose Cleaners,['products-a-z__results__item']

Antivirus Software,['products-a-z__results__item']

Appliance Stores,['products-a-z__results__item']

Athletic shoes,['products-a-z__results__item']

Baby Bathtubs,['products-a-z__results__item']

Baby Food,['products-a-z__results__item']

Baby formulas,['products-a-z__results__item']

Baby Monitors,['products-a-z__results__item']

Backpack Carriers,['products-a-z__results__item']

Backpacks,['products-a-z__results__item']

Banks & Credit Unions,['products-a-z__results__item']

Bassinets,['products-a-z__results__item']

Batteries,['products-a-z__results__item']

Bike Helmets,['products-a-z__results__item']

Bike trailers,['products-a-z__results__item']

Bikes,['products-a-z__results__item']

Blenders,['products-a-z__results__item']

Blood Glucose Meters,['products-a-z__results__item']

Blood Pressure Monitors,['products-a-z__results__item']

Blu-Ray Players,['products-a-z__results__item']

Boilers,['products-a-z__results__item']

Breast pumps,['products-a-z__results__item']

Camcorders,['products-a-z__results__item']

Cameras,['products-a-z__results__item']

Car batteries,['products-a-z__results__item']

Car Insurance,['products-a-z__results__item']

Car repair shops,['products-a-z__results__item']

Car Seats,['products-a-z__results__item']

Car wax,['products-a-z__results__item']

Carpet cleaners,['products-a-z__results__item']

Carpet stain removers,['products-a-z__results__item']

Cars,['products-a-z__results__item']

Cell phones & services,['products-a-z__results__item']

Central Air Conditioning,['products-a-z__results__item']

Chainsaws,['products-a-z__results__item']

Clothes Dryers,['products-a-z__results__item']

Coffee,['products-a-z__results__item']

Coffee Grinders,['products-a-z__results__item']

Coffee makers,['products-a-z__results__item']

Computer backup systems,['products-a-z__results__item']

Computer monitors,['products-a-z__results__item']

Computers,['products-a-z__results__item']

Convertibles,['products-a-z__results__item']

Cooktops,['products-a-z__results__item']

Cookware,['products-a-z__results__item']

Cordless Drills,['products-a-z__results__item']

Cordless phones,['products-a-z__results__item']

Countertops,['products-a-z__results__item']

Credit cards,['products-a-z__results__item']

Crib bedding,['products-a-z__results__item']

Crib mattresses,['products-a-z__results__item']

Cribs,['products-a-z__results__item']

Customer service,['products-a-z__results__item']

Decking,['products-a-z__results__item']

Dehumidifiers,['products-a-z__results__item']

Diaper bags,['products-a-z__results__item']

Diapers,['products-a-z__results__item']

Diet Plans,['products-a-z__results__item']

Dishwasher Detergents,['products-a-z__results__item']

Dishwashers,['products-a-z__results__item']

Door Locks,['products-a-z__results__item']

E-book readers,['products-a-z__results__item']

Electric Kettles,['products-a-z__results__item']

Electric razors,['products-a-z__results__item']

Electronics stores,['products-a-z__results__item']

Ellipticals,['products-a-z__results__item']

Entry doors,['products-a-z__results__item']

Exercise bikes,['products-a-z__results__item']

Extended warranties,['products-a-z__results__item']

Eyeglass & Contact Lens Stores,['products-a-z__results__item']

Fast Food,['products-a-z__results__item']

Fast-food restaurants,['products-a-z__results__item']

Faucets,['products-a-z__results__item']

Fire extinguishers,['products-a-z__results__item']

Fitness trackers,['products-a-z__results__item']

Flooring,['products-a-z__results__item']

Food processors & choppers,['products-a-z__results__item']

Freezers,['products-a-z__results__item']

Frozen Foods,['products-a-z__results__item']

Frozen pizza,['products-a-z__results__item']

Furniture Stores,['products-a-z__results__item']

Garbage Disposals,['products-a-z__results__item']

Gas furnaces,['products-a-z__results__item']

Generators,['products-a-z__results__item']

Glues,['products-a-z__results__item']

GPS,['products-a-z__results__item']

Grills,['products-a-z__results__item']

Grocery Stores & Supermarkets,['products-a-z__results__item']

Hair removal,['products-a-z__results__item']

Headlight restoration kits,['products-a-z__results__item']

Headphones,['products-a-z__results__item']

Healthy snacks,['products-a-z__results__item']

Hearing aids,['products-a-z__results__item']

Heart-rate monitors,['products-a-z__results__item']

Heat pumps,['products-a-z__results__item']

High chairs,['products-a-z__results__item']

Home Security Cameras,['products-a-z__results__item']

Home Security Systems,['products-a-z__results__item']

Homeowners insurance,['products-a-z__results__item']

Hotel rooms,['products-a-z__results__item']

Humidifiers,['products-a-z__results__item']

Hybrids/EVs,['products-a-z__results__item']

Ice Creams & Frozen Desserts,['products-a-z__results__item']

Insect Repellents,['products-a-z__results__item']

Investment companies,['products-a-z__results__item']

Juicers,['products-a-z__results__item']

Jump starters,['products-a-z__results__item']

Kitchen cabinets,['products-a-z__results__item']

Kitchen knives,['products-a-z__results__item']

Ladders,['products-a-z__results__item']

Laundry detergents,['products-a-z__results__item']

Laundry Stain Removers,['products-a-z__results__item']

Lawn mowers & tractors,['products-a-z__results__item']

Lead test kits,['products-a-z__results__item']

Leaf Blowers,['products-a-z__results__item']

Lightbulbs,['products-a-z__results__item']

Luggage,['products-a-z__results__item']

Luxury cars,['products-a-z__results__item']

Mattresses,['products-a-z__results__item']

Meat thermometers,['products-a-z__results__item']

Medical Alert Systems,['products-a-z__results__item']

Microwave ovens,['products-a-z__results__item']

Milk & Milk Alternatives,['products-a-z__results__item']

Minivans,['products-a-z__results__item']

Mixers,['products-a-z__results__item']

Mobile security software,['products-a-z__results__item']

Motorcycles,['products-a-z__results__item']

Multi-Cookers,['products-a-z__results__item']

Nursing bras,['products-a-z__results__item']

Paints,['products-a-z__results__item']

Paper towels,['products-a-z__results__item']

Password Managers,['products-a-z__results__item']

Pasta Sauce,['products-a-z__results__item']

Pedometers,['products-a-z__results__item']

Pharmacies,['products-a-z__results__item']

Pickup trucks,['products-a-z__results__item']

Pillows,['products-a-z__results__item']

Play yards,['products-a-z__results__item']

Prepaid cards,['products-a-z__results__item']

Pressure Washers,['products-a-z__results__item']

Printers,['products-a-z__results__item']

Range hoods,['products-a-z__results__item']

Ranges,['products-a-z__results__item']

Refrigerator thermometers,['products-a-z__results__item']

Refrigerators,['products-a-z__results__item']

Replacement Windows,['products-a-z__results__item']

Restaurants,['products-a-z__results__item']

Rewards cards,['products-a-z__results__item']

Rice Cookers,['products-a-z__results__item']

Roofing,['products-a-z__results__item']

Rowing machines,['products-a-z__results__item']

Safety gates,['products-a-z__results__item']

Scales,['products-a-z__results__item']

Sedans,['products-a-z__results__item']

Sewing machines,['products-a-z__results__item']

Sheets,['products-a-z__results__item']

Shopping websites,['products-a-z__results__item']

Showerheads,['products-a-z__results__item']

Siding,['products-a-z__results__item']

Sinks,['products-a-z__results__item']

Slow Cookers,['products-a-z__results__item']

Small cars,['products-a-z__results__item']

Smart Speakers,['products-a-z__results__item']

Smartwatches,['products-a-z__results__item']

Smoke & Carbon Monoxide Detectors,['products-a-z__results__item']

Snow Blowers,['products-a-z__results__item']

Sound bars,['products-a-z__results__item']

Space Heaters,['products-a-z__results__item']

Sporting goods stores,['products-a-z__results__item']

Sports cars,['products-a-z__results__item']

Sprinkler Timers,['products-a-z__results__item']

Steam irons,['products-a-z__results__item']

Steam mops,['products-a-z__results__item']

Store credit cards,['products-a-z__results__item']

Streaming Media,['products-a-z__results__item']

String Trimmers,['products-a-z__results__item']

Strollers,['products-a-z__results__item']

Sunscreens,['products-a-z__results__item']

SUVs,['products-a-z__results__item']

Tablets,['products-a-z__results__item']

Telecom services,['products-a-z__results__item']

Thermometers,['products-a-z__results__item']

Thermostats,['products-a-z__results__item']

Tire pressure gauges,['products-a-z__results__item']

Tire Stores,['products-a-z__results__item']

Tires,['products-a-z__results__item']

Toasters & Toaster Ovens,['products-a-z__results__item']

Toilet paper,['products-a-z__results__item']

Toilet-bowl cleaners,['products-a-z__results__item']

Toilets,['products-a-z__results__item']

Toothbrushes,['products-a-z__results__item']

Treadmills,['products-a-z__results__item']

TVs,['products-a-z__results__item']

Vacuum Cleaners,['products-a-z__results__item']

Veggie burgers,['products-a-z__results__item']

Video-game consoles,['products-a-z__results__item']

Waffle Makers,['products-a-z__results__item']

Wagons,['products-a-z__results__item']

Wall Ovens,['products-a-z__results__item']

Washing Machines,['products-a-z__results__item']

Water Filters,['products-a-z__results__item']

Water Heaters,['products-a-z__results__item']

Water Leak Detectors,['products-a-z__results__item']

Wet/dry vacuums,['products-a-z__results__item']

Wine chillers,['products-a-z__results__item']

Wines,['products-a-z__results__item']

Wiper blades,['products-a-z__results__item']

Wireless & Bluetooth Speakers,['products-a-z__results__item']

Wireless Routers,['products-a-z__results__item']

Wood stains,['products-a-z__results__item']

Yogurts,['products-a-z__results__item']














Air Conditioners,/cro/air-conditioners.htm
Air Filters,/cro/air-filters.htm
Air Fryers,/cro/air-fryers.htm
Air Mattresses,/cro/air-mattresses.htm
Air Purifiers,/cro/air-purifiers.htm
Airline Travel,/cro/airline-travel.htm
All-Purpose Cleaners,/cro/all-purpose-cleaners.htm
Antivirus Software,/cro/antivirus-software.htm
Appliance Stores,/cro/appliance-stores.htm
Athletic shoes,/cro/athletic-shoes/buying-guide/index.htm
Baby Bathtubs,/cro/baby-bathtubs/buying-guide/index.htm
Baby Food,/cro/baby-food/buying-guide/index.htm
Baby formulas,/cro/baby-formula/buying-guide/index.htm
Baby Monitors,/cro/baby-monitors.htm
Backpack Carriers,/cro/backpack-carriers/buying-guide/index.htm
Backpacks,/cro/backpacks/buying-guide/index.htm
Banks & Credit Unions,/cro/banks-credit-unions.htm
Bassinets,/cro/bassinets/buying-guide/index.htm
Batteries,/cro/batteries.htm
Bike Helmets,/cro/bike-helmets.htm
Bike trailers,/cro/bike-trailers/buying-guide/index.htm
Bikes,/cro/bikes/buying-guide/index.htm
Blenders,/cro/blenders.htm
Blood Glucose Meters,/cro/blood-glucose-meters.htm
Blood Pressure Monitors,/cro/blood-pressure-monitors.htm
Blu-Ray Players,/cro/blu-ray-players.htm
Boilers,/cro/boilers/buying-guide/index.htm
Breast pumps,/cro/breast-pumps/buying-guide/index.htm
Camcorders,/cro/camcorders.htm
Cameras,/cro/cameras.htm
Car batteries,/cro/car-batteries.htm
Car Insurance,/cro/car-insurance.htm
Car repair shops,/cro/car-repair-shops.htm
Car Seats,/cro/car-seats.htm
Car wax,/cro/car-wax.htm
Carpet cleaners,/cro/carpet-cleaners.htm
Carpet stain removers,/cro/carpet-stain-removers.htm
Cars,/cars/
Cell phones & services,/cro/cell-phones-services.htm
Central Air Conditioning,/cro/central-air-conditioning/buying-guide/index.htm
Chainsaws,/cro/chainsaws.htm
Clothes Dryers,/cro/clothes-dryers.htm
Coffee,/cro/coffee.htm
Coffee Grinders,/cro/coffee-grinders.htm
Coffee makers,/cro/coffee-makers.htm
Computer backup systems,/cro/computer-backup-systems/buying-guide/index.htm
Computer monitors,/cro/computer-monitors.htm
Computers,/cro/computers.htm
Convertibles,/cro/cars/convertibles.htm
Cooktops,/cro/cooktops.htm
Cookware,/cro/cookware.htm
Cordless Drills,/cro/cordless-drills.htm
Cordless phones,/cro/cordless-phones.htm
Countertops,/cro/countertops.htm
Credit cards,/cro/credit-cards/buying-guide/index.htm
Crib bedding,/cro/crib-bedding/buying-guide/index.htm
Crib mattresses,/cro/crib-mattresses/buying-guide/index.htm
Cribs,/cro/cribs.htm
Customer service,/cro/customer-service.htm
Decking,/cro/decking.htm
Dehumidifiers,/cro/dehumidifiers.htm
Diaper bags,/cro/diaper-bags/buying-guide/index.htm
Diapers,/cro/diapers/buying-guide/index.htm
Diet Plans,/cro/diet-plans.htm
Dishwasher Detergents,/cro/dishwasher-detergents.htm
Dishwashers,/cro/dishwashers.htm
Door Locks,/cro/door-locks.htm
E-book readers,/cro/e-book-readers.htm
Electric Kettles,/cro/electric-kettles.htm
Electric razors,/cro/electric-razors.htm
Electronics stores,/cro/electronics-stores.htm
Ellipticals,/cro/ellipticals.htm
Entry doors,/cro/entry-doors/buying-guide/index.htm
Exercise bikes,/cro/exercise-bikes.htm
Extended warranties,/cro/extended-warranties/buying-guide/index.htm
Eyeglass & Contact Lens Stores,/cro/eyeglass-contact-lens-stores.htm
Fast Food,/cro/fast-food.htm
Fast-food restaurants,/cro/fast-food-restaurants.htm
Faucets,/cro/faucets/buying-guide/index.htm
Fire extinguishers,/cro/fire-extinguishers/buying-guide/index.htm
Fitness trackers,/cro/fitness-trackers.htm
Flooring,/cro/flooring.htm
Food processors & choppers,/cro/food-processors-choppers.htm
Freezers,/cro/freezers.htm
Frozen Foods,/cro/frozen-foods.htm
Frozen pizza,/cro/frozen-pizza.htm
Furniture Stores,/cro/furniture-stores.htm
Garbage Disposals,/cro/garbage-disposals.htm
Gas furnaces,/cro/gas-furnaces/buying-guide/index.htm
Generators,/cro/generators.htm
Glues,/cro/glues/buying-guide/index.htm
GPS,/cro/gps.htm
Grills,/cro/grills.htm
Grocery Stores & Supermarkets,/cro/grocery-stores-supermarkets.htm
Hair removal,/cro/hair-removal/buying-guide/index.htm
Headlight restoration kits,/cro/headlight-restoration-kits/buying-guide/index.htm
Headphones,/cro/headphones.htm
Healthy snacks,/cro/healthy-snacks.htm
Hearing aids,/cro/hearing-aids.htm
Heart-rate monitors,/cro/heart-rate-monitors.htm
Heat pumps,/cro/heat-pumps/buying-guide/index.htm
High chairs,/cro/high-chairs.htm
Home Security Cameras,/cro/home-security-cameras.htm
Home Security Systems,/cro/home-security-systems.htm
Homeowners insurance,/cro/homeowners-insurance.htm
Hotel rooms,/cro/hotel-rooms/buying-guide/index.htm
Humidifiers,/cro/humidifiers.htm
Hybrids/EVs,/cro/cars/hybrids-evs.htm
Ice Creams & Frozen Desserts,/cro/ice-creams-frozen-desserts.htm
Insect Repellents,/cro/insect-repellent.htm
Investment companies,/cro/investment-companies.htm
Juicers,/cro/juicers/buying-guide/index.htm
Jump starters,/cro/jump-starters.htm
Kitchen cabinets,/cro/kitchen-cabinets/buying-guide/index.htm
Kitchen knives,/cro/kitchen-knives.htm
Ladders,/cro/ladders/buying-guide/index.htm
Laundry detergents,/cro/laundry-detergents.htm
Laundry Stain Removers,/cro/laundry-stain-removers.htm
Lawn mowers & tractors,/cro/lawn-mowers.htm
Lead test kits,/cro/lead-test-kits/buying-guide/index.htm
Leaf Blowers,/cro/leaf-blowers.htm
Lightbulbs,/cro/lightbulbs.htm
Luggage,/cro/luggage.htm
Luxury cars,/cro/cars/luxury-cars.htm
Mattresses,/cro/mattresses.htm
Meat thermometers,/cro/meat-thermometers.htm
Medical Alert Systems,/cro/medical-alert-systems.htm
Microwave ovens,/cro/microwave-ovens.htm
Milk & Milk Alternatives,/cro/milk-milk-alternatives.htm
Minivans,/cro/cars/minivans.htm
Mixers,/cro/mixers.htm
Mobile security software,/cro/mobile-security-software.htm
Motorcycles,/cro/motorcycles.htm
Multi-Cookers,/cro/multi-cookers.htm
Nursing bras,/cro/nursing-bras/buying-guide/index.htm
Paints,/cro/paints.htm
Paper towels,/cro/paper-towels.htm
Password Managers,/cro/password-managers.htm
Pasta Sauce,/cro/pasta-sauce.htm
Pedometers,/cro/pedometers.htm
Pharmacies,/cro/pharmacies.htm
Pickup trucks,/cro/cars/pickup-trucks.htm
Pillows,/cro/pillows.htm
Play yards,/cro/play-yards/buying-guide/index.htm
Prepaid cards,/cro/prepaid-cards/buying-guide/index.htm
Pressure Washers,/cro/pressure-washers.htm
Printers,/cro/printers.htm
Range hoods,/cro/range-hoods/buying-guide/index.htm
Ranges,/cro/ranges.htm
Refrigerator thermometers,/cro/refrigerator-thermometers.htm
Refrigerators,/cro/refrigerators.htm
Replacement Windows,/cro/replacement-windows.htm
Restaurants,/cro/restaurants.htm
Rewards cards,/cro/rewards-cards/buying-guide/index.htm
Rice Cookers,/cro/rice-cookers.htm
Roofing,/cro/roofing.htm
Rowing machines,/cro/rowing-machines.htm
Safety gates,/cro/safety-gates/buying-guide/index.htm
Scales,/cro/scales.htm
Sedans,/cro/cars/sedans.htm
Sewing machines,/cro/sewing-machines/buying-guide/index.htm
Sheets,/cro/sheets.htm
Shopping websites,/cro/shopping-websites.htm
Showerheads,/cro/showerheads.htm
Siding,/cro/siding.htm
Sinks,/cro/sinks.htm
Slow Cookers,/cro/slow-cookers.htm
Small cars,/cro/cars/small-cars.htm
Smart Speakers,/cro/smart-speakers.htm
Smartwatches,/cro/smartwatch.htm
Smoke & Carbon Monoxide Detectors,/cro/smoke-carbon-monoxide-detectors.htm
Snow Blowers,/cro/snow-blowers.htm
Sound bars,/cro/sound-bars.htm
Space Heaters,/cro/space-heaters.htm
Sporting goods stores,/cro/sporting-goods-stores.htm
Sports cars,/cro/cars/sports-cars.htm
Sprinkler Timers,/cro/sprinkler-timers.htm
Steam irons,/cro/steam-irons.htm
Steam mops,/cro/steam-mops.htm
Store credit cards,/cro/store-credit-cards/buying-guide/index.htm
Streaming Media,/cro/streaming-media.htm
String Trimmers,/cro/string-trimmers.htm
Strollers,/cro/strollers.htm
Sunscreens,/cro/sunscreens.htm
SUVs,/cro/cars/suvs.htm
Tablets,/cro/tablets.htm
Telecom services,/cro/telecom-services.htm
Thermometers,/cro/thermometers.htm
Thermostats,/cro/thermostats.htm
Tire pressure gauges,/cro/tire-pressure-gauges.htm
Tire Stores,/cro/tire-stores.htm
Tires,/cro/tires.htm
Toasters & Toaster Ovens,/cro/toasters-toaster-ovens.htm
Toilet paper,/cro/toilet-paper.htm
Toilet-bowl cleaners,/cro/toilet-bowl-cleaners/buying-guide/index.htm
Toilets,/cro/toilets.htm
Toothbrushes,/cro/toothbrushes.htm
Treadmills,/cro/treadmills.htm
TVs,/cro/tvs.htm
Vacuum Cleaners,/cro/vacuum-cleaners.htm
Veggie burgers,/cro/veggie-burgers.htm
Video-game consoles,/cro/video-game-consoles/buying-guide/index.htm
Waffle Makers,/cro/waffle-makers.htm
Wagons,/cro/cars/wagons.htm
Wall Ovens,/cro/wall-ovens.htm
Washing Machines,/cro/washing-machines.htm
Water Filters,/cro/water-filters.htm
Water Heaters,/cro/water-heaters.htm
Water Leak Detectors,/cro/water-leak-detectors.htm
Wet/dry vacuums,/cro/wet-dry-vacuums/buying-guide/index.htm
Wine chillers,/cro/wine-chillers.htm
Wines,/cro/wine/buying-guide/index.htm
Wiper blades,/cro/wiper-blades/buying-guide/index.htm
Wireless & Bluetooth Speakers,/cro/wireless-bluetooth-speakers.htm
Wireless Routers,/cro/wireless-routers.htm
Wood stains,/cro/wood-stains.htm
Yogurts,/cro/yogurt.htm
